{"walk_end_time": 1555505159.4318416, "optim_start_time": 1555505159.4318469, "walk_start_time": 1555505137.607978, "optim_end_time": 1555505222.8318453}